,MI Scores
cg00690402,0.10535735364465681
cg15580458,0.103133644099477
cg08944236,0.10139298591533952
cg25324068,0.10034539175027501
cg19284751,0.09874972361671364
cg02327530,0.09578321003131651
cg18096987,0.09321237850133213
cg04071967,0.09305850728913412
cg20612299,0.0917240299616211
cg11292332,0.09086816471840864
cg13703437,0.09061428950018224
cg06575013,0.0895939589305208
cg21932231,0.08933381466338708
cg04466886,0.08858730270230408
cg19178479,0.08807023470239117
cg20316614,0.0877709887691478
cg02076629,0.08715443332333317
cg25448856,0.08713553843490907
cg24777950,0.08702548536673049
cg18560366,0.08702370889016664
cg15153131,0.08694395088131701
cg22528270,0.08675012698576934
cg02673417,0.0866584214066437
cg02541582,0.08646268177268146
cg11527913,0.08601857614674069
cg09858022,0.08573421830485062
cg09587957,0.08564598844601279
cg19491035,0.08559872337736518
cg25949550,0.0854512651188406
cg17087974,0.08540541394147416
cg02508830,0.08469970776480928
cg01711160,0.08462235314587718
cg02596779,0.08452911320943435
cg04812347,0.08446254754369509
cg22165175,0.08419505546639394
cg16958939,0.08415351976372731
cg07824907,0.08393126976924803
cg16317516,0.08385488861267842
cg04719574,0.08328435561002312
cg02551745,0.08322452727134166
cg09570958,0.0831431940130225
cg05527650,0.08313795889478559
cg21876925,0.08278244917286526
cg05980782,0.08278137454115031
cg12194336,0.08267874860406543
cg03720100,0.08257179188793207
cg15227982,0.08192739719457398
cg10381771,0.08188017811376547
cg19118951,0.08145686398871499
cg26215406,0.08109704591821765
cg07330114,0.08107616660679695
cg22388948,0.08080756544445977
cg11293275,0.08078613304714954
cg26645401,0.08025921959788374
cg01841651,0.08016374468541643
cg14290576,0.08014671903347814
cg23098068,0.08001448720224391
cg06092310,0.079935946872836
cg25806808,0.0795609404235782
cg24727480,0.07945276026627424
cg04306926,0.07940481914923092
cg04232128,0.07925333993805883
cg12156887,0.07918141535514334
cg17928895,0.07893756267996821
cg14397918,0.07852061031330959
cg02481000,0.07842331600127639
cg18998911,0.07808508486079146
cg15676988,0.07808410538036736
cg03418002,0.07794073544693747
cg09520904,0.07791504200212995
cg01229658,0.07777138892372037
cg16945415,0.07774281570604624
cg17517296,0.07771917763748859
cg06452354,0.07770215249240087
cg01366985,0.07766643172551557
cg08537367,0.07737026008596137
cg08715595,0.07736982345722021
cg17113968,0.07733231093871895
cg14615559,0.07733221627803899
cg23054181,0.07722564487810768
cg26544247,0.07716494965535836
cg17075808,0.07698558292104085
cg07570723,0.07698370656519726
cg04140212,0.07690034434327142
cg25941751,0.07686669500137744
cg11225090,0.07668266535460888
cg03161190,0.07665440176621852
cg04407215,0.07659147739799876
cg05403316,0.07656585826622142
cg01022200,0.07644075878424661
cg14762973,0.07634828797525972
cg13186559,0.07615437177945661
cg03934069,0.07611030474979907
cg01479396,0.07608134680162393
cg17960615,0.07605775201315845
cg00543976,0.07603372967877764
cg02381279,0.07588681603773484
cg15529532,0.0758334071957234
cg01565774,0.07568742077886004
cg05800336,0.07562967092152584
cg19266387,0.0755292964070684
cg11668844,0.07544174452597807
cg12890903,0.0754235050302332
cg03519157,0.07537668103874773
cg23014871,0.07534148329287071
cg08777813,0.07531484059554017
cg12162100,0.07529619594462744
cg04484126,0.07528290837099272
cg11924260,0.07521387918369604
cg06098530,0.07519203265181629
cg25711558,0.07518470000262312
cg12555844,0.0751401288582274
cg04905719,0.07513062711528118
cg01028389,0.07510313545215164
cg05349024,0.0748993022697666
cg11958644,0.07482119850052205
cg23351584,0.07480430728517717
cg08594681,0.0747772454094513
cg24301247,0.07468895525768482
cg22284398,0.07465923715727851
cg13409077,0.0745367205306442
cg26877678,0.0744848297590126
cg13994241,0.07446189721808816
cg18772205,0.07440466193176865
cg12042714,0.07426889816608417
cg04422741,0.07419443256047753
cg07083806,0.0741388413221562
cg06270401,0.07406772420570373
cg07060794,0.07404620163395936
cg14167389,0.07404261472120521
cg11803771,0.07401054000335883
cg27432242,0.07388242933173395
cg23587449,0.07360911049890251
cg07563400,0.0735640811200926
cg02917064,0.0734555763023883
cg07870914,0.07333556732003976
cg15892280,0.07325772686386633
cg26413528,0.07307429938009524
cg15420785,0.0729381791245225
cg06767008,0.0728881984317884
cg19748495,0.07286803798363128
cg24536349,0.07283405598192139
cg12690996,0.07275212883868276
cg09643312,0.07273324196253239
cg03580292,0.07271640040438387
cg16733695,0.07258470208863677
cg01804036,0.07232134064101925
cg10852154,0.07231994829785693
cg13573582,0.07219887509431988
cg06889607,0.07214533428417935
cg19274368,0.07208941104644184
cg00446900,0.07197114604469634
cg22707529,0.07188231015852886
cg24686551,0.07188148130067007
cg11883418,0.071868088451986
cg01777341,0.0718425170630923
cg25968394,0.07182967882942326
cg25134859,0.07182830930885786
cg05061769,0.07175415037121824
cg08223235,0.07169734476794831
cg25960038,0.07163298372785198
cg10622024,0.0716303063828696
cg25630910,0.0715882731982389
cg25602242,0.07154132934061863
cg26856475,0.07150153413190141
cg05922563,0.07147941900142318
cg14516183,0.07146435980714783
cg18318006,0.07140997778506764
cg22794078,0.07135972004406366
cg08760493,0.07130871494179747
cg01731704,0.07112081720316032
cg19930116,0.07108901052805616
cg00718541,0.07100743851835278
cg06241779,0.07100511381031938
cg21082557,0.07096030224190164
cg11863854,0.07095836444019765
cg22437987,0.07094246319808883
cg17079757,0.07086159219580868
cg20207763,0.07085514506549218
cg24967811,0.0708297909448341
cg16581224,0.07076838529818974
cg01055695,0.0707195343063185
cg00748718,0.07065387697140935
cg14186336,0.07064342463671602
cg07571344,0.07058790108793023
cg00804354,0.07058373301000298
cg13509702,0.07055977908153643
cg20168849,0.0704638065769756
cg05803296,0.07045371060755334
cg00968488,0.07042944302225362
cg25191598,0.07041112705156016
cg08545593,0.07036178609567667
cg16731821,0.07031355689542274
cg04967578,0.07020111631494008
cg15939920,0.07014128674829179
cg25382400,0.07009349902118767
cg05003322,0.07007221245338591
cg24488469,0.06994603460121307
cg27511181,0.06989102507368905
cg26305174,0.0698875754681565
cg25717464,0.06988265149220996
cg07636142,0.06984144005601478
cg05501357,0.06981273740821736
cg12917475,0.06978954498669743
cg13209567,0.06977153874248687
cg08772789,0.06973460599346382
cg07608052,0.06970234589167723
cg23035449,0.06969267869189988
cg11263852,0.06968838154612556
cg18362538,0.06966091983035216
cg02098619,0.0696343832586308
cg05795849,0.06959971920062813
cg05514680,0.06957236490620322
cg25707057,0.0695190269044208
cg00046744,0.06948325347378392
cg27424057,0.0694523798136748
cg14902389,0.06941963826311026
cg02816816,0.06939304524134404
cg21125296,0.06939229637472
cg17967780,0.0693834466687766
cg25954235,0.06935127999453017
cg01994252,0.06934914774468104
cg16546054,0.06928014757013656
cg22437316,0.06926956694485864
cg14272075,0.06921593465346842
cg26381210,0.06920428938787926
cg25210609,0.06919231668808101
cg03432176,0.06918805112495852
cg17895608,0.069142438753508
cg06810647,0.06912045111223408
cg01674119,0.06911445435205765
cg11752788,0.06911221891625163
cg23691771,0.06910772681414068
cg26522240,0.06908572548822955
cg09770579,0.06908162077197422
cg22945413,0.06906950033029235
cg22675447,0.0690165556635316
cg02918910,0.0690061785714211
cg15068318,0.06896724145131916
cg19186056,0.0689563960325763
cg26660002,0.06894713176866696
cg14306819,0.06891585490589258
cg19165640,0.06887946388068289
cg01962463,0.0688595200082327
cg14112601,0.06885588747587024
cg06358171,0.06883733562757022
cg20609803,0.06883172548681493
cg10168494,0.0687840420090775
cg01561719,0.06878106330453648
cg24818566,0.0687666072795281
cg21166775,0.06873330732319927
cg03998606,0.06873124209526882
cg16971889,0.06872159292372149
cg13696409,0.0687067576411362
cg25181170,0.06867733386674701
cg02397727,0.06863096036925165
cg19673549,0.06857040399073111
cg12475879,0.0685607364612979
cg12149911,0.06855338478990491
cg02662828,0.06848779343473343
cg01456989,0.06848703104726361
cg12401918,0.068476233235232
cg02264288,0.06844210634454284
cg14475875,0.06844143921259316
cg20810222,0.06834150204660494
cg01991752,0.06831733295482967
cg23671196,0.06827730302830437
cg19218057,0.06825872722418436
cg04113075,0.06824018145497313
cg11061343,0.06822979637610871
cg09470754,0.06820003906533478
cg19869443,0.06819182950581326
cg14315912,0.06815913454323441
cg05877109,0.0681568311395655
cg09608652,0.06813186848499497
cg25936902,0.06811753452834735
cg21870229,0.06807541375511028
cg12554857,0.06798353119636813
cg16139316,0.0679821347280023
cg24401737,0.06797797920969817
cg20849109,0.06793052898038643
cg21806580,0.06789140623015566
cg04370174,0.06788541368945689
cg23701759,0.0678590925915572
cg18417772,0.06781564910374449
cg07313319,0.06779706160809362
cg13633625,0.06779368486282067
cg12617080,0.06778526732112145
cg26876444,0.06777869351878074
cg18376288,0.067750815597446
cg13783238,0.06772318729866389
cg01513913,0.06766755959025694
cg00091349,0.06764590800058734
cg25707722,0.06760948013303314
cg19119071,0.06753390065719334
cg02674114,0.06753322191598587
cg21480743,0.06747279309401111
cg25349990,0.06745595007144023
cg18101140,0.06741865731360086
cg19658665,0.0674033925967219
cg24001514,0.06737068452274708
cg23689220,0.06736657195384588
cg00080123,0.06732473619617085
cg07618453,0.067312251914311
cg02224369,0.06726203660293906
cg10976975,0.06721039951610974
cg03866862,0.06716923187457868
cg06070324,0.06716121518645268
cg13307058,0.06713366237365093
cg15674825,0.06710917176289821
cg02187231,0.067102759173302
cg14871628,0.06704881939288199
cg12136387,0.06704547474974287
cg14628914,0.06704337233411328
cg21500909,0.06702854134715008
cg10960375,0.06702254002271557
cg23970275,0.06700753457570596
cg20666386,0.06699977256075451
cg01526217,0.06699044743072302
cg15202213,0.06695029618826931
cg26731781,0.06691799068756343
cg19099213,0.06684990282303671
cg23201812,0.0668425446802452
cg14011327,0.06679560752290925
cg14939082,0.06678668182003178
cg07037635,0.06668156243109702
cg26112639,0.06667179841177218
cg12415479,0.06661904770532079
cg06240690,0.06661850236520506
cg19000647,0.06661048216438625
cg19084916,0.06659554577919158
cg25174412,0.06659469297433307
cg01327169,0.066593205166529
cg23445003,0.0665598072483009
cg10103850,0.06650930427953083
cg01271812,0.06649799772340614
cg04335714,0.06647950371305189
cg02391509,0.06647677615034042
cg23327851,0.06641347045177515
cg13912027,0.06640293199020286
cg16611352,0.06634501901063339
cg02649279,0.06634238267040926
cg13440193,0.06633946297150595
cg22220936,0.06633744071515135
cg13277939,0.06633018007795921
cg08568649,0.06629234773912573
cg15750705,0.06627167725436056
cg05322190,0.06622373009221305
cg06739107,0.06621313156557229
cg14267780,0.06616016816479742
cg24054190,0.06615294894076529
cg14434062,0.06613667057641015
cg17047890,0.06610797423336834
cg04757901,0.06610324760681863
cg14580287,0.06601801101712801
cg23646614,0.06601291181255675
cg10204320,0.06601016855494324
cg11826104,0.0659837325346937
cg24155427,0.06590606684115174
cg12065366,0.06582781817188077
cg24988684,0.06580250453451053
cg26571942,0.06578413447481846
cg27353619,0.06577746008069574
cg12897844,0.06576500155080556
cg19980260,0.06576240997540772
cg16985778,0.0657486621882899
cg21119074,0.06574577372139512
cg04384031,0.06574091559583528
cg07543138,0.06571832097883323
cg25874953,0.0657044573651715
cg23350350,0.06566931326651848
cg01859460,0.06565117693435707
cg01322555,0.06563400745574843
cg21658347,0.06562961722920191
cg18618429,0.0656282482291175
cg21182407,0.06560847953250426
cg18827470,0.06560447959257965
cg01665013,0.06552427784248871
cg01047904,0.0655103395110872
cg18556976,0.06550725070072616
cg25640519,0.0655059376293341
cg05441854,0.06549209069654083
cg06670380,0.06546136661524216
cg07044422,0.06541246606288009
cg23915792,0.06536446942281504
cg05460226,0.06535398806033133
cg23832822,0.06535257076108225
cg08693490,0.0653465903382695
cg26732720,0.0653253085344585
cg25104397,0.0653197649250743
cg16184495,0.0653037657683575
cg11002698,0.0652712804636224
cg13751113,0.0652617596415388
cg24702341,0.06525584582154265
cg13955622,0.06524821186406271
cg11783834,0.06522589037696003
cg23462726,0.06518291390606512
cg22684041,0.06514208060649618
cg07432111,0.06513737942950315
cg01248878,0.06513699434576958
cg11429292,0.0651149195015217
cg08311803,0.06509014553114278
cg05331060,0.06508199345699417
cg09220088,0.06507301226430484
cg04144521,0.06505981043632092
cg03613003,0.06502708529052192
cg01057573,0.0650171674088893
cg23646866,0.06501347135781144
cg27359678,0.0649819294554892
cg08020922,0.06497661546327538
cg18571045,0.06495193005518529
cg01310120,0.06494886095220531
cg21116783,0.06494337196293065
cg19447692,0.06493002662543312
cg11789534,0.0649053559050452
cg05316650,0.06484258095904671
cg27094376,0.0647947044076933
cg11747499,0.06478954820731464
cg12196901,0.06469562923187588
cg19467203,0.06468262577747841
cg26297819,0.06466930091845957
cg26966828,0.06462626412967842
cg04072771,0.06457474181719891
cg02593989,0.06456662443656569
cg07298177,0.06454125206284989
cg19437757,0.06453538602560616
ch.3.2442921F,0.06452806682785539
cg20104776,0.06451596775144774
cg24689699,0.06449926256561578
cg17455261,0.06449887240010987
cg06319713,0.06447390860372182
cg08476055,0.0644712624558299
cg04901812,0.06446549166197446
cg17518710,0.06446503197045916
cg25501446,0.06446338222431391
cg07863022,0.06446193528074162
cg09351315,0.06444968364370118
cg02465282,0.06444482425745202
cg12443195,0.06443707047836633
cg09937438,0.0643777638339984
cg08402433,0.06436067533747414
cg08439728,0.06433718512350017
cg07903989,0.06433008891007064
cg03440757,0.0643170617762363
cg23902264,0.06429224820657709
cg00791854,0.06428960837286324
cg24681307,0.06425968549634375
cg13404688,0.06423885183243838
cg18709737,0.06422210561015707
cg05124129,0.06419665149055498
cg25368085,0.06418458794091042
cg17881208,0.06414376054991067
cg17413194,0.06411291748259029
cg13638427,0.06411268404233383
cg01155092,0.06409012652429968
cg21148362,0.06408172105457699
cg23651614,0.06407309740832079
cg14547461,0.0640615792666046
cg03565280,0.06405056711133739
cg25179334,0.06405053373521019
cg18569623,0.06404584706107341
cg23545458,0.06401930699616565
cg20443635,0.06396160047557076
cg19988492,0.06395089107439822
cg00965578,0.06394989531767448
cg11254053,0.06393710934697672
cg02793948,0.06391818661123216
cg02296478,0.06391459052006887
cg06807063,0.06389759126596073
cg03363565,0.06385703217428906
cg21966754,0.0638561350454212
cg23936766,0.06384724565429134
cg18335607,0.06382492609886303
cg13591408,0.06381253047732804
cg02022375,0.06380750483598896
cg24999111,0.06380604026462455
cg25488206,0.0637807477607335
cg11549025,0.0637805885184124
cg23155089,0.0637676346424978
cg07051833,0.06375113218983808
cg22406102,0.06374661583459384
cg12198254,0.06373588216613135
cg21697512,0.06369607376096442
cg12509665,0.06367173847896601
cg26981076,0.06366685281085815
cg02717454,0.06366201394111282
cg21894914,0.0636525982157028
cg06868098,0.06364440172637176
cg20934105,0.06364352313761623
cg00774102,0.06363732236806152
cg26178100,0.0636371490227512
cg17969683,0.06362919569676895
cg06466203,0.06361621128341399
cg23412639,0.06358537676178866
cg19154467,0.06357047511830172
cg12261451,0.0635675501745736
cg04225088,0.06354039574171311
cg16565031,0.06351175536079157
cg24822140,0.06345739556832797
cg17367832,0.0634341687897253
cg26476925,0.06340495024483928
cg05055490,0.06339925711945682
cg18188717,0.06339431721515498
cg24435571,0.06338315309914733
cg02847588,0.06338200354850287
cg17651625,0.06337170372864942
cg03890505,0.06336919261491358
cg12077889,0.0633198774703152
cg11563844,0.06329130373033709
cg14399183,0.0632719239754671
cg10611016,0.06327106160247431
cg26389330,0.06326946937597966
cg00036976,0.06326391143678789
cg18515587,0.06325569365465578
cg20147326,0.06324899772528236
cg20469837,0.06323453772469079
cg07948034,0.06322538485811324
cg20305578,0.06320833977014217
cg08053935,0.06318167352750725
cg15075988,0.06317893574211153
cg19782686,0.06312430082187825
cg16245431,0.0631130317226607
cg00612751,0.06311288516589486
cg16179952,0.06310089973138
cg12489775,0.0630731497728807
cg04528038,0.06307204078353834
cg23431444,0.06306550603825789
cg10721030,0.06305423190291282
cg26776269,0.06303633926610641
cg00329052,0.06300768703428705
cg13366774,0.06300511931054098
cg14018153,0.06300294290228159
cg18440839,0.06300030572113302
cg01963224,0.06299843578091502
cg12140665,0.06299273333845434
cg14324076,0.06297369505506567
cg04159302,0.0629450297453229
cg09037813,0.06291979309881213
cg18938907,0.06289514490638104
cg27542399,0.0628625870705124
cg09976669,0.06285226287513046
cg21232161,0.06284153117035252
cg05006142,0.06281534837439096
cg20506843,0.06280027328118543
cg01657758,0.06279443867609125
cg12841684,0.06278522863804192
cg08764162,0.06274737155273002
cg05068943,0.06273523168566486
cg27296664,0.06272808497897708
cg08357990,0.06270421225243927
cg05787508,0.06269011146484726
cg18942451,0.06268584830913171
cg16651953,0.06266966759568948
cg16478536,0.06266859715481998
cg12044210,0.06266817913337941
cg11861097,0.06265064032892753
cg10172675,0.06261952066509369
cg20414749,0.06259518185571489
cg08583888,0.06257971346273683
cg17714799,0.06257464626690745
cg06338550,0.06257042766469034
cg13780054,0.06255627549135134
cg23449541,0.06252712449703823
cg24065504,0.0625083473778607
cg04048705,0.062486497805620766
cg02868338,0.06248092319428977
cg19375810,0.06248074122247016
cg01843999,0.06246302714251306
cg14081270,0.06244366304856963
cg05453411,0.0624208124865957
cg11765288,0.06241821607299647
cg24475171,0.06240147460472856
cg03421657,0.06238857343111204
cg22061832,0.062383763910400125
cg23653240,0.062382573596175606
cg14176989,0.06235896678011077
cg19961648,0.06234855490287483
cg24930536,0.06233683355633879
cg04112866,0.06233309012596844
cg06727242,0.062332487031564465
cg16387532,0.062329368163804855
cg18446110,0.062321833629749745
cg11938455,0.06229510355689172
cg07339236,0.06228092957203368
cg16149164,0.06226675796818104
cg09404516,0.06226508285897925
cg18105842,0.06222708552761147
cg11950982,0.0622018724266904
cg17775490,0.06217725539319163
cg24682551,0.0621281213981586
cg26405020,0.06212663525230422
cg18325799,0.06208905314258373
cg24304617,0.062076803909524525
cg01866606,0.06207154170971463
cg14574047,0.06203124500385049
cg16636571,0.062020777069897504
cg24576425,0.06199327700065593
cg00112465,0.06198516829912459
cg00786618,0.06196537131119939
cg04863758,0.061962010763475295
cg23213230,0.06196166686976179
cg19713567,0.06189577553218051
cg11844537,0.06188180002645738
cg27186013,0.06186416784263926
cg12003245,0.061857136800173684
cg00057593,0.06183289219630739
cg21249659,0.06180710224316521
cg24344406,0.06180197461153902
cg04835925,0.06179257493513024
cg02786790,0.061779739265457545
cg07981266,0.06174642652263884
cg04682802,0.06173108485543044
cg11211259,0.06172448719042589
cg15111360,0.06171918962803136
cg02185248,0.06169899347507135
cg27663938,0.06168308993427929
cg16463564,0.06164050522071962
cg20904475,0.061637303973563595
cg07730301,0.06163688392179578
cg16625683,0.06162580344661128
cg20301308,0.06160854094086887
cg06524162,0.06159345061106669
cg12212198,0.06157364061921977
cg25025181,0.06152369580488126
cg11377213,0.06150164406318215
cg18931888,0.061489018391739814
cg23260754,0.061479140364072205
cg02068388,0.061429443809629
cg16657152,0.061425523608784394
cg08987251,0.06140901194475279
cg05980785,0.06140666863424804
cg11876048,0.06139610624803682
cg11437836,0.061364788885261534
cg16858211,0.061362325825657704
cg21769117,0.06135618372847462
cg21096907,0.06134832492121123
cg04241863,0.06134574451696606
cg05569131,0.06132282170620651
cg23334433,0.061321760017909455
cg04261496,0.0613115709477523
cg04545296,0.06130992506881938
cg19746186,0.061308264636078746
cg00220661,0.0613075586485321
cg19822309,0.061300631296760555
cg04536922,0.0612990427933644
cg13357229,0.061283531573413486
cg26799416,0.06127300119606227
cg19757253,0.061257493923974726
cg23754392,0.061230680676853666
cg02830576,0.06121405334560115
cg23278418,0.061184983654575475
cg04940329,0.061167486804006854
cg24252148,0.06116579961052482
cg10021819,0.06115772022214272
cg24054774,0.061155338979232754
cg25006194,0.061146914203493496
cg18119621,0.06108332540341155
cg26314055,0.06108125176130974
cg16745604,0.06107904559505317
cg09151061,0.06104962238859879
cg18119977,0.06102473623047433
cg22572908,0.061005952227714655
cg04044720,0.06100430389386324
cg01595717,0.06098905890150541
cg10378083,0.06098786062401507
cg01880463,0.06096637921797887
cg17124293,0.06096396855597375
cg09571972,0.06095515039522992
cg21759784,0.06093754929836703
cg12742799,0.060900010443028396
cg24750752,0.06089302834632737
cg01357222,0.06088260177658178
cg24776142,0.06085244740607676
cg04293180,0.06084674552551861
cg04919592,0.060843705866271636
cg11690884,0.06083461875680962
cg21025494,0.06082602227168654
cg27347269,0.06078066638624002
cg23926439,0.06077566363991016
cg01324793,0.06072395305788225
cg12106976,0.06072381070226296
cg08131309,0.06071908361310441
cg14565651,0.06071560591351166
cg04682193,0.06070599006965538
cg23595413,0.060690843934567695
cg09472600,0.06068602526301947
cg00743372,0.06065958462842236
cg16964569,0.060636956831013666
cg01804679,0.060626177447150154
cg05451722,0.06060587665195971
cg17473673,0.06060263489140527
cg00760872,0.06054687038140183
cg21208682,0.06052847905954284
cg22562494,0.060503153034079826
cg14472806,0.06050262432135178
cg00493139,0.06046404852623466
cg07676709,0.06044736755236002
cg25936770,0.06043660044300081
cg12049550,0.06040397107153783
cg13583454,0.06040369843116
cg18131548,0.06040237274278892
cg14878913,0.06040218228789773
cg03428864,0.06038836072899456
cg09038183,0.06037878030479282
cg10189362,0.06035804969079206
cg04983516,0.06033978957894881
cg04089434,0.06033070353157477
cg22136363,0.060304493433410045
cg03466124,0.06029051193574109
cg19360907,0.06028539739041694
cg14783891,0.06028075949175582
cg09763325,0.060277897926677815
cg19573490,0.06027783655340535
cg16276108,0.060265230772012846
cg10984625,0.06026505440760688
cg15381475,0.060263402809772604
cg01408486,0.060220972590578015
cg01965477,0.06014916991826569
cg25310182,0.060146912603584735
cg01208318,0.06014664202281739
cg27306443,0.06013633842812882
cg18252964,0.06013029729795849
cg09076077,0.06009133192492433
cg09597638,0.0600850819148544
cg26124980,0.06007729087124547
cg02994956,0.06007047246644803
cg14838970,0.06006388202578239
cg03321813,0.06004840797846689
cg04116469,0.060042282550939685
cg08572611,0.06001998291687083
cg12061917,0.06001046132356769
cg08794763,0.06000393638352208
cg00994616,0.06000256589237907
cg20780105,0.05998296062463493
cg09431970,0.05998283555073325
cg24621362,0.05998141333223561
cg23084245,0.05997763834239578
cg17283447,0.05997416450805826
cg12964047,0.059916483638949636
cg03154580,0.05987735529418292
cg09539908,0.059875073558327996
cg11226289,0.05987367355030293
cg04238983,0.05986797310501624
cg13788918,0.059858691709143486
cg26423283,0.05985748021864734
cg24769295,0.05985182979991066
cg16156434,0.0598514439199318
cg12084688,0.05981761052874712
cg03520103,0.05980048704280261
cg06064525,0.059790385982641636
cg17772649,0.05977257992361751
cg08173915,0.0597572657587655
cg10565537,0.05974596991696468
cg27342781,0.05974398473929132
cg08645879,0.059733660961326374
cg04172771,0.05968207186225216
cg15784646,0.05967262387323946
cg07998554,0.059671097841726084
cg17060157,0.05964311717540527
cg03828522,0.059642201187510624
cg25031824,0.05963365611883242
cg20884605,0.05962519196137861
cg11642298,0.05958911413298207
cg11636127,0.05958834599235896
cg04963553,0.059580846748508165
cg11943330,0.0595758302935645
cg05064489,0.05955794900199263
cg18416585,0.059549030384828505
cg17460368,0.05951006611260223
cg19310167,0.05949287835110839
cg25681728,0.05949233959701039
cg11943008,0.059481036507734064
cg03664994,0.05946672300278344
cg05246315,0.059455045594857925
cg13801402,0.0594099890939892
cg12125614,0.0593872246904843
cg10925991,0.05937792313157808
cg05916545,0.059368848504528504
cg01413005,0.05935508992004501
cg16762735,0.05933520981318874
cg12402183,0.05932366943759715
cg21710826,0.05930315880672854
cg06173720,0.05928025716041385
cg21869219,0.059277596247510056
cg00311654,0.05927412819139022
cg26682068,0.05926547112321501
cg14781967,0.05925580412123144
cg12103475,0.05924730204380846
cg11698252,0.059246253665286686
cg04609912,0.05924234797294714
cg09874482,0.05921092374894532
cg16301036,0.059199851241746204
cg01140008,0.05915898263211661
cg00184203,0.05914919053332701
cg08766812,0.059099747676726766
cg20804831,0.059096226236637905
cg10113760,0.059095134563381224
cg05235540,0.05909199416136546
cg14419435,0.05908888447013716
cg11201710,0.05907029792261609
cg09862543,0.059063131933976276
cg03830061,0.059015788892612164
cg23575275,0.05901465828600183
cg01840591,0.05900112575417493
cg17269548,0.05899876799433401
cg13582816,0.058998030472944496
cg27360727,0.05899364601854429
cg20116800,0.058980692215543806
cg14664303,0.05895085511132847
cg02880444,0.05894688873499043
cg09369651,0.05891544515856317
cg18163342,0.05891364532865029
cg18194292,0.05890135179076461
cg23745290,0.05889856496095036
cg27440592,0.05887007254304666
cg20980783,0.05886966628526147
cg25754252,0.05886743690357066
cg09354263,0.058855663496760524
cg12401152,0.05885223420225372
cg02301079,0.058845755567031865
cg27642528,0.05883777797161316
cg09153897,0.05883566496229098
cg10767312,0.05883114071910445
cg17790159,0.058804046980458935
cg07434244,0.05877809289621028
cg16541340,0.0587665472476675
cg03655701,0.05876169776876483
cg01018477,0.058754020612632685
cg08799655,0.05875117461719226
cg22378252,0.058749690354058526
cg02113173,0.05873499674386218
cg10633463,0.05872830370466686
cg13525812,0.05872605391981156
cg05475440,0.05872045814280824
cg13290371,0.0587111428329512
cg18545076,0.058695333899697166
cg15945333,0.05869529407908769
cg02061820,0.058690226556748604
cg12157761,0.058667995426939124
cg15095602,0.05866684536225186
cg13189271,0.058662136660802444
cg04594452,0.058659423688925294
cg02628561,0.05865406590142941
cg00026033,0.05864198361211481
cg09322555,0.058633697646955474
cg12299554,0.0586163682327121
cg05575921,0.058594605332468186
cg02799411,0.058592778310625704
cg14564351,0.05857566323841623
cg06323049,0.05856429786683903
cg00278494,0.05855027394993062
cg02593932,0.05854168284336492
cg24982556,0.058540467706367005
cg23217419,0.058531481421717935
cg11353598,0.058520105771363795
cg22033586,0.05850684285029906
cg11083848,0.05849886029548923
cg00521744,0.05849518700372203
cg12382398,0.05848088585435196
cg22751954,0.05846952433149344
cg12308110,0.05844328023834633
cg21882356,0.05843285044088331
cg02169848,0.05841354462212078
cg15486127,0.05840666225900737
cg01351315,0.058391420364989344
cg20094085,0.058387041023320485
cg16277843,0.05836689134415751
cg08877521,0.058352237541046126
cg10972897,0.058331350944017535
cg03878190,0.05831706937550307
cg26413942,0.058315216178842944
cg16040504,0.05830595867610855
cg09012001,0.05829863748520725
cg24658349,0.058282734697044924
cg25379156,0.05827412689467604
cg01606197,0.05826396132839351
cg03000503,0.058255254723406535
cg02096172,0.05823078248453517
cg05886626,0.05820889043194666
cg09125999,0.0581852539584935
cg05873568,0.0581707686435482
cg10172432,0.05814870154874918
cg24794669,0.05814149690388737
cg02214470,0.058121852572000865
cg04051365,0.058118045345606495
cg18665334,0.058103830606841766
cg16786178,0.05809447784481114
cg07146507,0.0580690165317419
cg01520105,0.058024166603402705
cg06917858,0.05801552804160237
cg07262001,0.05801494049843159
cg06225476,0.058010537066523815
cg12067024,0.0580041056270344
cg21656428,0.057984537242795176
cg00157668,0.05798050262329113
cg17709804,0.057974973494110404
cg23618632,0.05793872281230095
cg04411052,0.05793399739279925
cg13314614,0.05790221866210743
cg15686385,0.05789693068078061
cg18559896,0.057892596503733795
cg04338175,0.05789042492163676
cg16421157,0.057880241249192554
cg02881189,0.05787892052925425
cg23127986,0.057871957608382596
cg26406891,0.0578568036209135
ch.5.942599F,0.05782846198254599
cg17934470,0.057811285505570575
cg05573550,0.057781319895889194
cg11826961,0.05777399942874295
cg26646867,0.05776152778378396
cg18275051,0.057758989015512574
cg26964907,0.057751310873205064
cg13412357,0.05772752725507457
cg07184013,0.05770701687326385
cg27340794,0.05770363631619868
cg15354877,0.05768172824233342
cg02213287,0.057679722306757775
cg04730794,0.057642385246197136
cg00241638,0.05758523983246633
cg19412675,0.05758209433372752
cg09272225,0.05757989390367446
cg17733714,0.05756180106964193
cg08628635,0.05755384046828271
cg05627557,0.05754270790415861
cg22695729,0.057531950489749795
cg16348742,0.05752320743741346
cg17190602,0.05751667527536819
cg19939793,0.057514686577983865
cg27255275,0.057504936527238204
cg02648589,0.05746824448058163
cg15642380,0.05746307821971053
cg00415389,0.05745546409042235
cg25936138,0.05743626300513904
cg14611112,0.05742939484596876
cg12006072,0.057419466389857066
cg20900050,0.05741400060378132
cg13848981,0.05738617339090668
cg04464504,0.057367849873555254
cg00725635,0.05735799253332807
cg20274462,0.05735480446099661
cg07306253,0.05734037272962156
cg02456261,0.05731848512004456
cg26392708,0.05729703712916545
cg17679604,0.05728229232723736
cg16877087,0.05728203606168014
cg03327307,0.05727814646849971
cg20583271,0.05726021218171051
cg11557901,0.05725698877084007
cg03193299,0.057254060817871766
cg10839745,0.05724963820506246
cg06738887,0.05720616279473956
cg19228647,0.05720212399762348
cg22949004,0.05719095033645738
cg14431165,0.05718861531780184
cg03243768,0.057185918213707776
cg03029090,0.0571601214139108
cg05401670,0.05714570318290413
cg18875274,0.05714180721314244
cg03393996,0.05714060318301284
cg21108554,0.057128261244408396
cg17907457,0.057121133695542836
cg17562528,0.05710300827095671
cg09890699,0.057079922189882115
cg04643822,0.05706371677721456
cg07443074,0.05706332131185632
cg26833120,0.05705475617332523
cg03569277,0.057033568717315575
cg10892794,0.05703188827205441
cg26697117,0.057023059748737115
cg26312814,0.0569993468175487
cg05889541,0.05699207737248013
cg15122621,0.05698992652593371
cg12882572,0.05698756709245889
cg20353001,0.056975463151389016
cg16784198,0.05692463354400212
cg05323324,0.056901325772907185
cg03639929,0.056899531418927785
cg21431929,0.05689688910518753
cg01566593,0.05686737564660738
cg04605532,0.056852209341914595
cg07306190,0.05680800092218807
cg15958289,0.0567294385861139
cg05822633,0.05670942649517974
cg00460268,0.05669187223773786
cg20942097,0.056656836982009295
cg08300570,0.05665605263426721
cg08849514,0.05662863694860043
cg10133100,0.05661856835070678
cg22488256,0.05660009042655667
cg26311262,0.056586631409318855
cg12582959,0.056574431478933596
cg06674932,0.05653245214167191
cg01925950,0.05649855382856206
cg25811633,0.05648792842649075
cg09982224,0.05647928139924474
cg14342532,0.05647114720589652
cg12621514,0.05645212246096909
cg02917772,0.05645180421500218
cg24579887,0.05644088688398585
cg23068939,0.056382834281039074
cg20865323,0.056353125496201306
cg12903530,0.05634307856233356
cg02611085,0.05632771612076071
cg20629587,0.056324898354008335
cg06352803,0.05625880811293338
cg08264638,0.05625107551169206
cg06416491,0.056200029107151384
cg11511562,0.05619733109677938
cg06977014,0.056186194703575554
cg02253535,0.05616483471384215
cg01361499,0.05614963105483639
cg14713146,0.05612389472760215
cg24737761,0.056118547856016665
cg25936385,0.05611222616151079
cg20701486,0.05610967866695038
cg16458494,0.05609690284248603
cg09878888,0.05609374586631266
cg14098532,0.056085145052721996
cg01369220,0.05607600278028224
cg25757820,0.05604509149421277
cg18918083,0.05603666202073421
cg22922010,0.05603003643420723
cg06330618,0.05600317929694243
cg21951797,0.0560021382996696
cg06496803,0.05599157938068866
cg04733951,0.055969513178496744
cg16051361,0.05594454482778577
cg26065247,0.05591949315845346
cg14178348,0.055914525859636965
cg06418652,0.0558997190606878
cg07934232,0.055891283500989264
cg16312514,0.05588180867558612
cg26377276,0.05587551049074668
cg23161218,0.055827510554737
cg03975652,0.05578550030614848
cg02841844,0.05577710282600634
cg15802323,0.05573575848715007
cg24876577,0.05572930027960177
cg00026290,0.055676184386844074
cg13081720,0.05567455016128009
cg20825472,0.05563756696333888
cg05209996,0.05562748971903342
cg01987202,0.05562433488342533
cg12442020,0.05560572100846661
cg22487177,0.055588399460702265
cg01197871,0.055564079679811584
cg05529039,0.055553711339469736
cg06561329,0.0555358332412601
cg01617920,0.05549405020824283
cg16242629,0.05549399523685383
cg07605836,0.05548400666667708
cg15679892,0.05547409067460163
cg22313574,0.05544620842725845
cg13431464,0.05535934432432765
cg17636752,0.055325751485590935
cg19018097,0.05532069783960791
cg02023167,0.05529228377317086
cg16276850,0.055250587041205
cg19754208,0.055241051245263684
cg16136916,0.055218378455933026
cg17013990,0.055132961759238874
cg19339902,0.05508310984463316
cg13710553,0.05503425442180809
cg01586609,0.055031133334628723
cg24267038,0.05502723016646116
cg01978549,0.05500507333932725
cg17806401,0.05499764602965662
cg00859441,0.054974788754742265
cg20806493,0.0549476692959836
cg13122496,0.05490355519191947
cg15890754,0.054887193396177425
cg22117805,0.05487945184510945
cg06753684,0.05484316250530252
cg03720617,0.05482943148032837
cg05599109,0.05482837341141078
cg05374733,0.0548185278525779
cg24340285,0.05481273212659321
cg04691144,0.0548051393651634
cg17805404,0.054799386905247216
cg14655855,0.05479777163192101
cg11802797,0.054784360751719996
cg07205901,0.05478199413835827
cg06051146,0.05477016193107964
cg09142829,0.05474675026727782
cg10008589,0.05473702274449943
cg15285436,0.054668387996053
cg10437217,0.05460285126069331
cg01676918,0.054593894547202426
cg00636427,0.05450969742341738
cg08409482,0.05449007885833268
cg07318049,0.054478508947719106
cg01923089,0.05439542315989687
cg15829467,0.05437264312082357
cg08145698,0.05436681659659892
cg24178676,0.05435871999747399
cg21910390,0.05434188043882582
cg08938402,0.05432513401050487
cg23243066,0.0542791427036351
cg27236973,0.054272850052585975
cg19675778,0.054215619526773784
cg16293656,0.054197944275210075
cg01919963,0.05417643653039539
cg06495347,0.05417045318241409
cg26624026,0.05415032801150965
cg22073258,0.0541238229672949
cg14605396,0.054093299789678806
cg14490286,0.054072451015096945
cg15742737,0.05406065297389606
cg12604794,0.05404103040585828
cg09455881,0.05401712150829918
cg08186005,0.054015120679622
cg15118872,0.054013098544986704
cg21790851,0.053950015978464494
cg07042489,0.05388124842876274
cg13936363,0.053857732308642436
cg18444544,0.05383373358419519
cg21666675,0.05382910655253559
cg25476129,0.05380769775520666
cg14594187,0.05379982901600222
cg07363330,0.05377381230374856
cg15025103,0.05376413248068612
cg02518216,0.05374436393445747
cg07834069,0.053705189637687
cg16207263,0.05369292830464678
cg22534374,0.05367146111588683
cg07376232,0.05365015910678217
cg14283783,0.05354023270025654
cg00382138,0.05352941540712597
cg11163571,0.05351039289728776
cg15926317,0.053494168786178964
cg23398508,0.053420149499789016
cg10862848,0.05336722493868251
cg16131053,0.05332757658774878
cg20473379,0.053275386467260155
cg07892374,0.05324215965659862
cg03388409,0.05324165324582353
cg00551647,0.053214536142182745
cg13575011,0.05311550434740564
cg10040748,0.053113855780112296
cg13389958,0.05280152971240226
cg00754357,0.052728439786216
cg10506151,0.05268022488261992
cg02889774,0.05265741699015902
cg10281378,0.05257679216476041
cg20653654,0.05255245389297425
cg22018086,0.05253321876394623
cg04208434,0.05249054135573461
cg00901982,0.05247181147552005
cg07349212,0.05228276169799306
cg07636688,0.05226527174854523
cg07656719,0.05226012867530727
cg18849517,0.05205904386733273
cg17256364,0.05200873579846399
cg00035220,0.05191713595473679
cg08120263,0.051791330059113294
cg22134634,0.051762772425129944
cg10063961,0.05165171320402706
cg16240480,0.05112144532139329
cg24497877,0.05110218312662318
cg18163227,0.051016354373508044
cg18525582,0.05099757921236181
cg13233166,0.05096457088902984
cg25437531,0.050781104667306565
cg00347882,0.050333112638119015
cg10425032,0.05029819345169617
cg04953935,0.05029495849272614
cg24453118,0.050149013620576444
cg18889144,0.050016776566487176
cg16389078,0.0499631235491127
cg07356342,0.049943380011087335
cg19794490,0.04983146714376563
cg23639692,0.04974703596429331
cg07254421,0.04964800292026372
cg17745697,0.04952106292389802
cg19935471,0.04912613558937173
cg05350411,0.04901638728655566
cg25228510,0.049016341900546045
cg16994128,0.04895694715333487
cg14056110,0.04880808316149565
cg17126941,0.0487170779486068
cg23702610,0.04851218640936117
cg07227049,0.04849339319511192
cg18925884,0.048209529164085385
cg02216380,0.04816538534346404
cg14650281,0.0481381955583049
cg01816726,0.04801345736234652
cg09452848,0.046699725200118225
cg05245722,0.04633913142591917
cg03025465,0.04610047070928269
cg11854392,0.0448109944048658
cg25285090,0.04448478446098325
cg01988541,0.04430708532068239
ch.22.149158R,0.044234503140653025
cg13581928,0.044036064232060745
cg09321097,0.04252992258789767
cg08847296,0.04198261411711357
cg01444716,0.03643493799682829
cg19037357,0.035062432108383446
cg13583934,0.034743251767153316
