,Feature Importances
93,0.008461106197148951
822,0.007190629870945482
2007,0.006951805243030984
878,0.006421234217037044
1761,0.006419392627450949
683,0.005515275592335991
1874,0.005231811610674663
871,0.005034815898044804
1635,0.004717697397028398
658,0.004609170063289471
804,0.004521871723534002
733,0.0044553226042105
1672,0.004388406665324832
2419,0.004121019850631838
973,0.004079887552645467
2592,0.004070697133436677
516,0.003987982435810734
1625,0.003864443408519451
2410,0.0038137066682377148
1681,0.003724539397878599
2576,0.003695012138754385
2334,0.003689879834996974
1163,0.0036219390306359367
117,0.0035928588057390766
2575,0.0035276833706380213
887,0.003466633631906434
2004,0.003463567838677002
2579,0.00346300885427024
949,0.0033790828469453583
1291,0.0033735806130645303
864,0.003336869495685808
670,0.003323358427211223
627,0.0033197454975185535
177,0.003317899143186511
2011,0.003252913996192655
2507,0.00319070733663276
444,0.003132139926041525
2506,0.0031246040113292483
1718,0.0031154825317708384
1841,0.003108766243452027
2460,0.0031071914704025056
2445,0.003095464851816478
1104,0.0030700624768942864
463,0.0030644819805677216
1202,0.0030445181009008332
1075,0.003033127160602206
1778,0.003005250496612322
1059,0.003001333284945471
164,0.0029906985721268927
322,0.0029876737990038944
200,0.0029783803092825354
225,0.0029619172013882946
227,0.002944513109601348
2150,0.002924464708545644
1664,0.0029207698599823693
292,0.0029100443330940247
2581,0.0028990503727261115
2014,0.0028552217279373023
68,0.0028218941108278557
2440,0.002781904253071633
2471,0.0027771825784828853
1251,0.002716227947226557
162,0.002701538694962906
1096,0.0026861554520327454
354,0.002651809967836603
1245,0.002627077552209932
2058,0.002605822379528825
490,0.0026023379465577538
1772,0.0025968998463652697
224,0.0025869925767549756
467,0.0025561326988676825
1129,0.0025555428142271745
2008,0.00253638585126106
399,0.0025192827179141303
1268,0.0025057786457936713
1909,0.0024988620636077043
616,0.0024903213294017908
10,0.0024428647001383343
1219,0.002442164761504679
757,0.002429518327345137
1510,0.0023999973045910677
2067,0.002398592034307395
65,0.0023961852394817013
2411,0.0023842122949180042
1680,0.002383894122845723
2223,0.002359652667476384
1084,0.0023280540764381774
2500,0.0023042059112716624
429,0.0022912165672211984
1094,0.0022861776167415805
984,0.002272692440691228
1319,0.00225685289990067
1254,0.0022558848956942775
3,0.0022222325640777175
2494,0.0022221025711398586
2049,0.0021992712145173367
2270,0.0021904034656592183
2221,0.002187440186878865
2041,0.0021794496299588108
197,0.002177147277813721
2241,0.002176357354028954
1976,0.002173936516174808
2342,0.00217096947458596
1248,0.0021699499791764947
409,0.0021684807660763334
2235,0.002166833155151057
1947,0.0021567786873586364
2536,0.0021345743739776186
1025,0.002122916949587364
1910,0.0021101602215635906
464,0.0020730790020254304
847,0.0020196342722229653
1069,0.002016046389946547
1911,0.002014519349200944
1641,0.0020065917714274244
1648,0.0020020149009146474
2075,0.0019990769103610724
458,0.001981215802103844
1859,0.0019751755466911446
807,0.001968776946471545
895,0.0019515844072492865
74,0.0019472348734783707
2278,0.001895244563083143
2146,0.0018938391178424442
1310,0.0018606725191057578
2417,0.0018526310416241809
1399,0.0018522546023236085
1669,0.0018477431999852792
2068,0.0018352574903743204
1725,0.0018152670290664142
955,0.0018130966092747291
981,0.001803128017862938
518,0.0017981114195128262
2140,0.001796301806916978
2040,0.0017958644298105516
1027,0.0017740023433914036
999,0.0017710790575097318
2240,0.0017682184087717662
2199,0.001768060797141941
2337,0.0017625688064464673
1509,0.001760818717417313
203,0.0017571589391418441
889,0.0017477644986772691
1693,0.0017321905066265029
1100,0.0017286054935456482
881,0.0017274320720261878
684,0.0017223806668952015
139,0.0017115636264589651
1076,0.0017082403850650623
2595,0.0017014200781226491
390,0.0016946037500097902
241,0.0016937298091088842
833,0.0016918246322646267
544,0.0016835956753403138
514,0.0016794571301220085
50,0.001676445807966003
136,0.0016555567001227533
503,0.001654173458906138
594,0.001650500317592071
1010,0.0016499004345737565
72,0.001638371779529778
97,0.0016363616433678438
916,0.0016328141513060153
2341,0.0016295830424874506
585,0.0016218572135171822
982,0.0016212671832443728
2515,0.0016205520236874324
1071,0.0016163013497782041
858,0.0016123499384323953
506,0.00161195652997946
2458,0.001611414691871604
1315,0.001610533060494997
281,0.001607917366495242
741,0.0016062940723618599
116,0.0016059869055502698
1722,0.0016049611099200622
1670,0.0015844152419929609
1540,0.0015815372003491436
2583,0.0015812749794375783
1317,0.001574828845355271
1476,0.0015672467032509074
2416,0.0015647991767541352
723,0.0015628956650786219
307,0.001560340238761127
1728,0.0015559091338259393
404,0.001555475452311399
773,0.0015456603842181457
2412,0.001541669147250465
2225,0.001540519099562459
625,0.0015296886551578054
2446,0.0015265888618122968
2227,0.0015180999354558182
1839,0.0015165188761232335
2447,0.0015159307001219307
191,0.0015069992753483426
2300,0.0015016803779800655
2582,0.0014983319884393877
1748,0.0014957561666685548
600,0.0014874568242461417
2005,0.0014824154423512474
2306,0.0014806008615426516
66,0.0014763506302489554
145,0.001474175327088969
388,0.001473987073120493
112,0.001470840675199235
1005,0.001469448674168805
1633,0.0014671692770719805
2159,0.0014655214782871861
2259,0.0014599319295462588
1655,0.00145593064261146
352,0.0014479176229322485
694,0.0014467928470322917
1469,0.001443489408076226
1306,0.0014429317469608907
978,0.0014387977051573977
1121,0.0014365774099102122
389,0.0014353517802915443
61,0.0014313465346560297
2279,0.0014248689840980293
396,0.0014247350485382551
975,0.00142276477711856
1687,0.0014211215790102588
1056,0.0014188708802053045
540,0.0014141927660668299
325,0.001412018320870441
1197,0.0014035722776459152
1302,0.0013992449834197675
721,0.0013962693817837573
2228,0.0013927826779030416
2591,0.0013900601424324947
1236,0.0013827176080481627
118,0.0013821105703335007
1004,0.001378080431836573
2229,0.0013765768023472555
1611,0.0013689445485393042
491,0.0013668752882590434
275,0.0013653114230348245
1784,0.001363718247894754
2350,0.0013614951305881966
69,0.0013594635009781114
1729,0.0013569502366706026
1643,0.0013496874037626841
2200,0.0013493962322012093
1505,0.0013490709379962627
2526,0.0013482851091025888
428,0.0013445148785082408
2554,0.0013409925580823163
2557,0.0013406302821033548
1652,0.0013253807661054973
83,0.001323071296018355
189,0.0013198381523725734
2572,0.0013156854018874706
2213,0.0013155756482654932
1077,0.0013089204351246556
719,0.0013074838423433746
569,0.0013055317478389964
2135,0.0013006861070636569
2643,0.0012934120854304918
1498,0.0012930702476791356
2158,0.0012861475276181671
727,0.0012852702783619576
398,0.001281074395544309
175,0.0012806054882505064
2019,0.0012798069299774872
1241,0.0012760813305555485
2201,0.001276038259014695
447,0.001275773044790927
2529,0.0012737395921653028
2367,0.0012735370376654263
2202,0.0012712350270591896
755,0.0012610553383512004
2261,0.0012593365005283124
2157,0.0012586574216213455
1514,0.0012548485108424998
1493,0.0012512164577535914
1108,0.001249322864285602
318,0.001248988604872741
1026,0.0012424942581763946
2203,0.0012403622099935929
1253,0.0012389309400256182
397,0.0012387729286155286
1853,0.0012344355826109474
2537,0.0012339915112279298
686,0.0012317374849979852
439,0.0012258863399815284
504,0.0012229404144387804
1412,0.0012192439429922087
666,0.0012143393065475062
517,0.0012126094041803356
1701,0.001212512525986263
923,0.001205736293875037
2634,0.0012045669590311045
1256,0.001203103153020159
1599,0.0012030853565318435
1286,0.0012000867765694914
297,0.001199969762063962
742,0.0011991528025377598
894,0.0011926197660820567
1840,0.0011863075173342693
1884,0.0011862478912534017
2599,0.001182222618552482
2077,0.0011788741316713532
2299,0.001178811270590849
2520,0.001174978049108845
744,0.001174892250032939
2335,0.0011736267556836592
2481,0.0011730209250243831
278,0.0011726860906313547
1102,0.001170883194456649
1430,0.0011674653308918692
2376,0.0011659397252446536
2230,0.0011621865504787743
1299,0.001161917021263414
2197,0.0011616736423174026
619,0.0011611037023652503
2374,0.0011596329076182512
2386,0.0011574775771773622
1231,0.0011570225468108064
290,0.0011558349056795504
2038,0.0011528246151474254
834,0.0011473392100466255
590,0.001144083659782882
617,0.001141046585932747
762,0.0011394507987243375
1473,0.0011385284856614572
1344,0.0011347303017552324
205,0.0011290245852737097
1250,0.001128188437071743
2333,0.0011267735498395577
2030,0.0011262514709661996
539,0.0011167052416805204
1695,0.0011119796221118867
431,0.0011080036527994646
2100,0.0011073543211506192
1023,0.0011064504886495125
2626,0.0011027678480579704
462,0.001101584794171087
163,0.0010996290378839915
1494,0.0010975460428776166
2597,0.0010939962307131561
104,0.0010735071255099909
291,0.0010702511866316953
1773,0.0010664166416691305
380,0.0010636114799737516
1293,0.0010628577814604434
2518,0.0010627854462495233
1832,0.0010584352408614056
2206,0.0010506822363319187
445,0.001050029394640366
2073,0.0010429034571627972
1060,0.0010418429735649477
293,0.0010339346245209933
2565,0.0010335347435038221
1240,0.001031807397058622
2503,0.0010317784782869182
653,0.0010301816142423465
1130,0.0010288177569631328
761,0.0010176371555848155
2452,0.0010152661947384848
598,0.0010151218995663506
1735,0.001014937328184446
2530,0.0010117696533303551
980,0.0010110383702726388
2514,0.0010105093027446854
2371,0.0010098552275659518
182,0.001006426754180512
184,0.0010061418703334827
1070,0.0010004768312033099
385,0.0009989526226244416
208,0.0009970302280532326
2245,0.0009938697339788125
71,0.0009934886920378973
277,0.000991585582123607
818,0.0009866359631641015
489,0.000980166002531652
1626,0.0009793989831576601
1719,0.0009759760625142388
764,0.0009753652902851525
199,0.0009747332977115615
1698,0.0009667359667050088
4,0.0009654821900043686
914,0.0009604033716503228
5,0.0009603467354322384
1707,0.0009599093240024474
1057,0.0009540454688026011
140,0.0009529431040524014
178,0.0009528930719636743
1892,0.0009477915736140968
972,0.0009446609828891707
1429,0.0009443681864148601
2091,0.0009426647677901853
2594,0.0009405707904272814
681,0.0009400887118737283
1933,0.0009394549890383445
718,0.0009342301514010232
12,0.0009284381708613707
876,0.0009258718383007503
513,0.0009207457295687831
1038,0.000919210230504777
2512,0.0009170603450830179
2534,0.0009164475501125708
1123,0.0009161893196641655
1406,0.0009157327919523642
1820,0.0009150542772584053
1673,0.0009143400905313672
708,0.0009103814170524768
1627,0.0009046909142077056
2264,0.0008981145954232465
1593,0.0008934883006747627
1967,0.0008913282803888838
979,0.0008895697374355589
776,0.0008889242515892778
839,0.0008872424531366447
2349,0.0008848055981697473
1249,0.000884309364821188
334,0.0008742313746152497
523,0.0008713910192755663
14,0.0008699141411365566
1867,0.0008675713331206373
135,0.0008652736910507866
373,0.0008644283399993932
1565,0.0008635397078415022
2239,0.0008629380071474257
2517,0.0008617664649837101
1087,0.0008592140082444091
2388,0.0008518386652175908
2093,0.0008492084406505755
1572,0.0008479801937412098
687,0.0008470517293556997
1216,0.0008415681204337909
2131,0.0008369127311911531
995,0.000836385655162235
2519,0.0008340707250500959
1557,0.0008326292039227126
70,0.0008251047263632795
1068,0.0008208039514984966
2364,0.000820431383176303
726,0.0008201223307813689
2531,0.0008198683609230657
2453,0.0008194949872487856
2035,0.0008193402940578107
2226,0.0008187813793823202
151,0.000816551225665693
1024,0.0008134989660999911
2072,0.0008082997536604025
671,0.0008077041929223561
2355,0.0008064648289402813
1638,0.0008062263621799084
1754,0.0008052252933573499
698,0.0008047208945487058
2044,0.0008040296738901002
32,0.0008029727766744499
813,0.0008003836910343649
1151,0.0007978468301973988
2109,0.0007956512494027081
2070,0.0007935670254339192
254,0.0007932095333982063
2424,0.0007869636223813856
669,0.0007851479981598058
2143,0.0007849487701118388
2339,0.0007801459279658072
1292,0.000780018437020556
682,0.0007769958821416067
1058,0.0007755515169014773
956,0.0007748350279755521
2493,0.000772287198930842
2357,0.000772052726400575
119,0.0007708652988791174
734,0.0007672143178867564
1858,0.0007640781005696026
1214,0.0007608551126325022
2059,0.0007573326771364172
2553,0.0007558674760771561
411,0.0007540146995667001
2413,0.0007526836944544004
696,0.0007522549191441231
1279,0.0007516319488508229
2138,0.0007507561409921492
508,0.0007447306282981131
35,0.0007446514874708825
702,0.0007302776745142188
1428,0.0007281769780371487
2338,0.0007277192622616105
1905,0.0007273490372990076
130,0.0007244580614569679
1686,0.0007231250262113049
2074,0.0007218297662209256
2141,0.000721677058711445
16,0.0007201018776119425
974,0.000717611365092099
1247,0.0007164238050848836
2161,0.0007162085565357365
855,0.0007127152073022751
55,0.0007086439136372084
1127,0.0007081162569691065
2107,0.0007080841268577266
477,0.0007058466867612644
927,0.0007044556358993964
1211,0.0007000299728063572
2431,0.0006996685577289782
2336,0.0006970280398497087
234,0.0006933766229958306
498,0.000691366778759759
1105,0.0006911291997678012
1384,0.0006846048401833103
740,0.0006844305590278103
852,0.0006828282562120644
1255,0.0006793196998443478
2151,0.0006787979771952865
1995,0.0006774666676197215
581,0.000677239821670745
2547,0.0006753181734464288
1182,0.0006752904085366825
685,0.0006740535658176282
904,0.0006723456866103513
2220,0.0006722470484062398
1577,0.0006717010029007556
2020,0.0006714443714118944
1524,0.000670527572438335
1028,0.0006705038454561587
1226,0.0006692386925494884
82,0.0006648030186393892
622,0.0006644327968036491
263,0.0006627114945214354
1997,0.0006616374519218008
1692,0.0006602881590497376
190,0.0006588509879970132
1018,0.0006503202717918271
2573,0.0006497259169338848
188,0.0006477804612634928
2054,0.0006460247145236055
2026,0.0006459708997786406
410,0.000645691530319397
701,0.0006428121249107528
1051,0.0006425128920903461
2155,0.000642465128093541
1971,0.000641515592299216
1409,0.0006412853140866628
1528,0.0006338471459642461
2647,0.000630302733737277
1252,0.0006301113186477744
1794,0.0006260913868367117
1099,0.0006249389893893902
202,0.0006219981012265051
359,0.0006177360640998911
372,0.0006174316940566517
501,0.0006169884219449719
2208,0.0006158868312067343
2082,0.0006158519476553029
1264,0.0006131746029212714
1689,0.0006120438524622733
1079,0.0006117151094665414
920,0.000609835918380416
1760,0.0006096991686864225
1154,0.0006096859156381019
2538,0.0006096123284173692
1752,0.0006080732077780623
1370,0.0006059787327752207
621,0.0006042267608560404
1963,0.0006041331517324883
2384,0.0006022725336290946
1082,0.0006010512712739363
2397,0.0005998854107180878
2648,0.0005948396140718426
1715,0.000593964727908609
2600,0.0005877543769130259
132,0.0005854709561732019
1461,0.0005837574591632199
592,0.0005808573866277159
843,0.0005787274555718578
1612,0.0005784503526166696
1543,0.0005772094973235698
300,0.0005745815932213572
1665,0.0005742087997899712
2274,0.0005735738199184015
558,0.0005725296151415393
2265,0.0005657459756301048
1301,0.0005648704118956041
531,0.0005618148836289555
562,0.0005609766500535898
1762,0.0005603129522266631
1442,0.000559247269898467
1416,0.0005586920820022621
1013,0.0005579190384889532
2055,0.0005538436080848906
1774,0.0005529067198656272
367,0.0005511799045086745
2244,0.0005504292567710179
2511,0.0005497918306278973
772,0.000546281813325982
2387,0.0005460824197576445
2022,0.0005429075142102152
67,0.0005376781837978347
2636,0.000533784425539753
1316,0.0005332346453905161
1501,0.0005307894697675361
210,0.0005298383219148505
219,0.0005283194222063839
1620,0.0005255957284773149
1022,0.0005254648282270518
56,0.0005243805923473774
954,0.0005205748665294213
2399,0.000517796214390331
2010,0.000516343893493052
2585,0.0005155218638342073
1860,0.0005145125551283869
169,0.0005143272835935748
434,0.0005129082275724767
269,0.0005119709389018539
2224,0.0005118934368443054
73,0.0005106223265053136
2577,0.0005047634163045906
333,0.0005045335118191084
986,0.0005044520522544917
1122,0.0005042574872644348
2382,0.0005032287711830836
1928,0.0005032129578737929
1771,0.0005006990999485989
2066,0.0005000983514828168
1733,0.0004974750660269458
1537,0.000496893339419256
2086,0.0004953751504837971
1829,0.0004940995060735949
2484,0.0004938061154601775
676,0.0004911133954821905
677,0.0004906707108351633
2142,0.0004887567285745948
902,0.0004884666496752535
1709,0.0004880878356448303
422,0.0004877831343414457
1585,0.0004859171684422223
2390,0.0004857674761963076
1373,0.00048492295618659913
925,0.0004818638434937244
1694,0.0004818006747354771
1507,0.0004786697536664246
2528,0.0004775144350177157
1600,0.0004769119968475053
2525,0.00047516331259730873
633,0.0004740547384723175
2646,0.00047353526775608523
1828,0.0004686187987485997
2048,0.0004677305698656431
1792,0.0004662898671165792
2076,0.0004649549899926911
204,0.00046441678637863207
1768,0.00046409103638121155
1275,0.00046292673120184186
1139,0.0004575748887294728
2169,0.00045675891291506584
510,0.0004545826207721269
1142,0.0004536260374371845
1147,0.00045356600120927007
1006,0.0004511511420851668
1285,0.0004496893420787866
321,0.0004461259985516586
1042,0.00044542615338775
395,0.00044338455256345366
780,0.0004428889185217552
146,0.0004417542750467156
1021,0.00043690058103874706
1489,0.00043683524706167006
1785,0.00043490576459345704
2009,0.0004338430488232933
2540,0.00043346493908792455
1983,0.0004300148809778794
402,0.00042981512135612887
950,0.0004250269101426385
626,0.00042446263453810805
377,0.00042439008957874993
960,0.00042149504601500217
1596,0.00042120073560065503
1471,0.0004193417626127019
360,0.0004189905253085806
25,0.0004176724516633712
2092,0.0004161365455337996
582,0.00041091061353083454
2418,0.00040960021002440806
1323,0.0004059564081479722
131,0.00040588473003343
1205,0.0004057422678798125
1422,0.0004028300472705298
2017,0.0004019073924486019
1659,0.0004015649780482182
2625,0.0004003784617772845
2361,0.000399161866957206
2472,0.00039800457555734373
550,0.00039677474696106545
2027,0.00039579088921658185
1208,0.0003940147859127658
2262,0.00039306409562249694
2296,0.0003929325073525844
1813,0.0003912788602317778
1560,0.00039075914342639995
228,0.000387025236770661
1472,0.0003868409273465543
6,0.000384428961432682
355,0.00038150824676145986
566,0.00037969804059309934
2101,0.00037961119826593467
645,0.0003795058302719848
673,0.0003785164359316301
865,0.0003775665499997009
836,0.0003765933568503297
258,0.0003758827701629071
921,0.0003743193331720276
454,0.00037341088804882064
1862,0.0003714978758427834
420,0.0003700869787553934
1732,0.00036806681811603456
997,0.0003677972370882756
967,0.00036778014045144876
691,0.00036705483064520443
1765,0.00036423393493586754
1152,0.00036359244569242083
896,0.0003585610180902592
706,0.00035716326574010887
1610,0.0003552795928343126
2580,0.0003548486413758323
775,0.00035380765544838874
381,0.0003535937124698297
433,0.00034301537809925927
1779,0.0003425671757775473
192,0.0003425596680008611
1198,0.000339924514501365
406,0.0003397699152228062
1088,0.0003389312047058838
2016,0.0003383942277070185
1047,0.0003331207206023987
387,0.0003297004647577094
1320,0.0003279087883746486
951,0.000327061401645928
201,0.0003242367249022036
84,0.00032305123896033544
2501,0.0003196593645137019
1592,0.00031756646202220974
2441,0.00031735199276914294
1246,0.0003162614074434161
459,0.00031402289101387267
1039,0.0003112174581165597
426,0.0003108141417195181
2234,0.00030984988552566734
1318,0.00030875501593005905
2209,0.00030616707519200343
376,0.0003054495682898644
2345,0.00030515550387611356
555,0.00030443749420640617
1427,0.00030425511956059777
897,0.0003039338473102775
0,0.00030335290275480494
1089,0.00030251984132294003
272,0.00030245754118687717
2521,0.00030183143398980304
1003,0.00030173572199757205
2516,0.000301561696512125
753,0.0003012815668300072
2485,0.0002984219458610385
983,0.00029419297661582524
2373,0.0002920613931041336
1467,0.0002904415814916167
2621,0.0002903072236486549
2508,0.00028928066008959306
1162,0.00028905948695140735
912,0.000288345667672269
692,0.0002861416391247007
502,0.00028570111809841036
943,0.0002849237799810602
283,0.00028407043100231065
2271,0.0002838341238547008
320,0.00028328195829560685
2170,0.0002827160059557887
2587,0.00028066977256268813
964,0.0002804847143457447
688,0.00027865936811766873
2172,0.0002785612312406421
817,0.0002783649947945916
515,0.0002779882429784455
1408,0.0002764141690413214
2214,0.00027625377971992265
650,0.00027598841618564044
848,0.00027498711828425655
2286,0.00027399357348710984
1902,0.00027225254731753706
618,0.00027077718355441054
1969,0.00027062398226039325
391,0.00027013480359828
326,0.0002699969149405086
2548,0.0002694184417585346
1615,0.00026862812504517693
211,0.00026850865992829814
416,0.00026817140622381136
314,0.00026754225951599177
2139,0.0002672144214505141
1634,0.0002665564610597795
1164,0.0002640540997131401
1569,0.00026379524680798696
903,0.0002624311752121957
2609,0.0002617420383875056
2380,0.0002597817198835875
901,0.0002593531857042014
1200,0.00025879772654552525
1812,0.000258670274838429
634,0.00025830346339376345
1066,0.0002554059431947739
1272,0.0002533025974995414
284,0.00025314034858955973
276,0.0002530612782053082
38,0.0002529662096790043
700,0.00025074827510854463
2383,0.00024970439857988324
1,0.00024947936837160475
2057,0.0002441496269627412
1855,0.00024280522998484062
2291,0.00024264174730032523
841,0.00024223027217479541
1656,0.00024099905957904421
1579,0.000240842466949389
1691,0.00024007966593600328
509,0.00023929977556105077
1017,0.00023922001225416142
759,0.0002391976603589272
939,0.0002386189503157334
2427,0.00023818871875408976
400,0.00023794267132719378
587,0.00023737743296594995
748,0.00023642267638214205
1873,0.00023636623957698125
1642,0.00023611961032393648
2231,0.00023469893342373586
1711,0.0002334298154130884
1000,0.00023304676416969195
2435,0.0002319603441502985
783,0.00023112253105435425
2154,0.00023108215452014347
704,0.00023064701567081036
2311,0.00023053427009390561
1852,0.0002295074197004679
176,0.00022861310283496617
1404,0.0002275972007965644
935,0.00022639670027540363
63,0.00022598535549440076
821,0.00022521113543947459
1955,0.0002242293013754811
1809,0.00022241135666340416
456,0.00022230239837687696
2071,0.00022222138632001673
1273,0.0002219108905260408
369,0.00022182355185313037
892,0.00022058133843280838
77,0.000220374456625376
922,0.00021990915291538647
2015,0.00021951042646072076
2430,0.00021880240909161286
64,0.00021591471368809324
2147,0.0002150569107090846
588,0.00021493590287322055
1363,0.00021401747925635893
1371,0.00021381382875314817
2348,0.00021358837062115086
421,0.00021336124669614712
644,0.00021288840694352103
1541,0.00021288807722410648
2513,0.00021252523144140017
1631,0.00021222621988626
863,0.00021218722962133737
2405,0.00021012907005891427
324,0.00021000682522181972
2211,0.00020926287457314897
1305,0.0002091725387757941
2359,0.00020870491820006756
296,0.00020814993918834076
1036,0.00020744673112790292
1726,0.00020705265570158688
940,0.00020668433120548947
1097,0.00020399592026472944
1375,0.00020328911360733927
989,0.00020248596490609786
1303,0.0002013823529141245
1636,0.00020070036063346054
1675,0.0002006426835958931
1201,0.0002003809325018916
2584,0.00019931890256454272
1124,0.0001992144611588396
2204,0.00019894113580467957
1049,0.00019614165657199454
174,0.00019407512857142473
1586,0.00019336650455449103
525,0.00019255339846719472
2081,0.0001913283169558459
1645,0.00019126371721971854
1149,0.00019085224978209253
1938,0.00018834396868586174
899,0.00018771509020752946
1871,0.00018693916609600626
1304,0.0001858342037809335
1770,0.00018228814343798289
2162,0.000178598562537874
1716,0.00017855586309460487
319,0.00017661707451129712
1724,0.0001753973846997103
2611,0.00017384652828483015
599,0.00017342065602241795
2064,0.0001724589775887867
1880,0.00017230355039542312
2593,0.00017218852319640738
970,0.000171984012543839
996,0.00017127167830952633
1706,0.0001709754863896389
218,0.0001683368841894842
561,0.00016769303373258867
2385,0.00016686220831703822
1810,0.0001668143668873482
24,0.00016585554748070017
1581,0.00016527605987251003
1065,0.00016485833525488016
2110,0.0001640559896309313
564,0.00016285370303938988
854,0.00016062734658481469
851,0.00016000694945437273
375,0.00015940157990211755
2123,0.00015934362620404077
1209,0.0001591865806918435
774,0.00015822097036399514
1932,0.00015811642016897207
1551,0.00015797483736595654
53,0.00015781427232825374
2043,0.00015691299000707842
30,0.00015686684619205731
488,0.00015664472591543632
1788,0.00015658390802717457
1979,0.00015593899710359785
1480,0.00015566360842726753
1365,0.00015491674607960134
2589,0.0001536129581029387
1834,0.00015342522865257837
1034,0.0001531752967700224
1187,0.0001525564399607947
2426,0.00015236394262963736
76,0.00015231670995906487
1415,0.00015131805230005795
1878,0.0001511938029400728
1212,0.00015089188769970528
1385,0.00015087559061960796
1196,0.0001502151519102882
2289,0.00015003276131008824
171,0.00014973101305131966
2644,0.0001495728905550865
2006,0.00014926323169301616
2324,0.00014680643331529204
2344,0.00014619364370979708
1158,0.0001460729843232387
1276,0.00014405800858154473
1573,0.00014349614914631003
893,0.00014348864235082226
2539,0.00014249361336296292
2129,0.0001394366799980594
415,0.0001380410567732773
270,0.00013713191350628716
1704,0.0001346043877383273
252,0.00013430548932461596
845,0.0001338562092418172
915,0.00013356637883807685
597,0.00013279742992721558
1504,0.00013260371381467002
1883,0.0001324263519590554
1475,0.00013191611458375821
756,0.00013018368004137873
2292,0.0001301173854182225
1020,0.00012988669705087612
751,0.00012532309861361323
933,0.0001250846927607234
1015,0.0001250814332247557
1463,0.00011962114371832016
1354,0.00011924325250876624
392,0.00011854464719473962
919,0.00011853927739036592
1417,0.0001182858955736572
1239,0.00011823036809722074
1244,0.00011798969423700489
1052,0.00011784018489635891
568,0.00011698303000950023
1029,0.00011262905412451766
2617,0.00011188908993959737
1786,0.00011168992085722014
2524,0.00011164316054809812
801,0.0001113314546150367
1653,0.0001107469110071662
265,0.00010907275167886449
2353,0.00010726856248952454
121,0.00010142712788251937
1536,0.00010041053264649738
1379,0.00010035804824504089
1238,0.00010035018031673027
20,0.0001001382115941273
711,9.977920445832712e-05
96,9.81310138730055e-05
1717,9.783624658228293e-05
1763,9.772868075006765e-05
1348,9.724754710428066e-05
18,8.400273008872789e-05
2510,8.378511911484487e-05
1891,8.374113521576427e-05
2590,8.370170803797965e-05
1994,8.360985551171844e-05
1500,8.33832764416187e-05
938,8.274727860577721e-05
906,8.226364452345477e-05
571,8.199908647892722e-05
469,8.18668736508377e-05
886,8.177909093307305e-05
2340,8.16604287172507e-05
282,8.162389817882481e-05
147,8.161343482696376e-05
1180,8.15466099531402e-05
1172,8.152798734787552e-05
930,8.150270614454002e-05
120,8.139055964907386e-05
255,8.138091791862492e-05
1378,8.135123328068244e-05
724,8.116798340830927e-05
1061,8.106856758480311e-05
2320,8.086628002476524e-05
1721,8.070145415734075e-05
2144,8.064247572400465e-05
705,8.060803474484253e-05
1727,8.059197532057242e-05
1204,8.057116000089522e-05
596,8.048919544341721e-05
1054,8.044173340333308e-05
1230,8.042206692158477e-05
884,8.026126714565641e-05
259,8.011698901236467e-05
2480,8.006017523501931e-05
1195,7.994957725525381e-05
584,7.978988194516031e-05
1388,7.969845868063921e-05
1601,7.961594783259803e-05
172,7.955995766273683e-05
486,7.952246758216908e-05
1571,7.910758278895249e-05
835,7.909092968997894e-05
2377,7.906139302468508e-05
216,7.894545703972647e-05
1341,7.877755766401374e-05
2186,7.868740991076249e-05
883,7.848451310476765e-05
771,7.847842409287622e-05
2287,7.808483010449077e-05
2102,7.798288902234177e-05
1570,7.792107362190897e-05
1850,7.77919586035649e-05
870,7.77755911802749e-05
1437,7.76457022360719e-05
2098,7.758096580842726e-05
1854,7.744750883385651e-05
2556,7.716834888125355e-05
213,7.667425422307417e-05
2650,7.642720969971252e-05
754,7.608258710614749e-05
1609,7.560245707985511e-05
2097,7.514284968820938e-05
47,7.425390775692286e-05
512,7.351373641583632e-05
1998,7.311659485572527e-05
48,7.217755982985193e-05
301,7.158703230737684e-05
1639,7.154595150525976e-05
1868,7.152729399580523e-05
2277,6.811051631036935e-05
2414,6.706662125697517e-05
264,6.672922531539985e-05
891,6.607875677539036e-05
820,6.303679773067528e-05
1448,6.28058514118232e-05
1166,6.274345768738072e-05
2050,6.264192310703937e-05
427,6.260270756710229e-05
196,6.259291135278928e-05
1050,6.258475018253885e-05
2222,6.257169673584315e-05
2404,5.584496042861007e-05
913,5.5836190575897964e-05
2275,5.573699107337252e-05
918,5.5722432632449606e-05
1647,5.5712246248128426e-05
707,5.566137013941434e-05
674,5.563233977451517e-05
875,4.193201771627749e-05
2588,4.1850854018989825e-05
2318,4.183772193604058e-05
383,4.183115898454862e-05
378,4.1802743305029395e-05
1410,4.178091134612874e-05
31,4.172643108619116e-05
746,4.172425483088638e-05
1553,4.172425483088638e-05
1308,4.170359172183705e-05
2394,4.169598415552602e-05
1583,4.169598415552602e-05
2000,4.16720927204063e-05
1443,2.750328590205163e-05
767,2.5919875185831758e-05
2645,0.0
1737,0.0
1903,0.0
2498,0.0
1856,0.0
1857,0.0
1685,0.0
1889,0.0
1738,0.0
2509,0.0
1851,0.0
2618,0.0
1861,0.0
2602,0.0
1684,0.0
1736,0.0
2603,0.0
2505,0.0
1739,0.0
2615,0.0
1863,0.0
1742,0.0
2638,0.0
1744,0.0
2523,0.0
1720,0.0
1688,0.0
1743,0.0
1845,0.0
2522,0.0
1846,0.0
1678,0.0
1741,0.0
1904,0.0
1908,0.0
2639,0.0
1847,0.0
1907,0.0
2601,0.0
1906,0.0
1740,0.0
1848,0.0
1849,0.0
1890,0.0
2640,0.0
1864,0.0
1888,0.0
1877,0.0
1713,0.0
1872,0.0
1899,0.0
2502,0.0
1885,0.0
1730,0.0
1875,0.0
1714,0.0
1898,0.0
1876,0.0
2614,0.0
1901,0.0
1894,0.0
1879,0.0
2608,0.0
1895,0.0
1897,0.0
1881,0.0
1882,0.0
2616,0.0
2610,0.0
1896,0.0
1844,0.0
2607,0.0
2642,0.0
1870,0.0
1893,0.0
1887,0.0
1865,0.0
1734,0.0
2649,0.0
1866,0.0
1723,0.0
1683,0.0
1679,0.0
1712,0.0
2612,0.0
2641,0.0
2504,0.0
2604,0.0
2605,0.0
1886,0.0
2606,0.0
1869,0.0
1682,0.0
1731,0.0
1900,0.0
2499,0.0
1703,0.0
1745,0.0
1699,0.0
1791,0.0
2624,0.0
2550,0.0
2571,0.0
1769,0.0
1793,0.0
2549,0.0
1795,0.0
1796,0.0
1697,0.0
1797,0.0
2574,0.0
1798,0.0
1767,0.0
1799,0.0
1800,0.0
2627,0.0
2578,0.0
1766,0.0
1801,0.0
2628,0.0
1764,0.0
1802,0.0
1696,0.0
2629,0.0
1803,0.0
1804,0.0
1790,0.0
2551,0.0
1806,0.0
1789,0.0
2563,0.0
1702,0.0
2622,0.0
2562,0.0
1780,0.0
2564,0.0
2561,0.0
2497,0.0
2566,0.0
1781,0.0
1782,0.0
1777,0.0
2560,0.0
1776,0.0
1783,0.0
2559,0.0
2558,0.0
2567,0.0
1775,0.0
2568,0.0
2623,0.0
2569,0.0
2555,0.0
2552,0.0
1700,0.0
1787,0.0
2570,0.0
1805,0.0
1807,0.0
1746,0.0
1826,0.0
1753,0.0
2542,0.0
1690,0.0
2635,0.0
2596,0.0
2541,0.0
1830,0.0
1831,0.0
1751,0.0
1750,0.0
1749,0.0
1833,0.0
2535,0.0
2637,0.0
2533,0.0
1835,0.0
1836,0.0
1837,0.0
1838,0.0
2532,0.0
1710,0.0
2598,0.0
2619,0.0
1747,0.0
2527,0.0
1842,0.0
1843,0.0
1827,0.0
1825,0.0
2546,0.0
1824,0.0
1808,0.0
2630,0.0
1705,0.0
1811,0.0
2631,0.0
2632,0.0
2586,0.0
1759,0.0
2545,0.0
1758,0.0
1814,0.0
1815,0.0
1816,0.0
1817,0.0
1818,0.0
2633,0.0
1819,0.0
1757,0.0
2620,0.0
2544,0.0
1821,0.0
1822,0.0
1823,0.0
1756,0.0
1708,0.0
1755,0.0
2543,0.0
2613,0.0
2217,0.0
2496,0.0
2363,0.0
2113,0.0
2112,0.0
2111,0.0
2302,0.0
2303,0.0
2304,0.0
2305,0.0
2108,0.0
2307,0.0
2106,0.0
2105,0.0
2104,0.0
2308,0.0
2103,0.0
2309,0.0
2099,0.0
2096,0.0
2310,0.0
2312,0.0
2114,0.0
2115,0.0
2116,0.0
2295,0.0
2290,0.0
2130,0.0
2128,0.0
2127,0.0
2126,0.0
2293,0.0
2125,0.0
2294,0.0
2297,0.0
2117,0.0
2124,0.0
2298,0.0
2301,0.0
2122,0.0
2121,0.0
2120,0.0
2119,0.0
2118,0.0
2095,0.0
2094,0.0
2313,0.0
2354,0.0
2330,0.0
2331,0.0
2332,0.0
2343,0.0
2346,0.0
2347,0.0
2351,0.0
2352,0.0
2356,0.0
2328,0.0
2069,0.0
2358,0.0
2360,0.0
2065,0.0
2063,0.0
2062,0.0
2362,0.0
2061,0.0
2329,0.0
2078,0.0
2314,0.0
2087,0.0
2315,0.0
2316,0.0
2317,0.0
2319,0.0
2321,0.0
2090,0.0
2089,0.0
2088,0.0
2322,0.0
2079,0.0
2323,0.0
2085,0.0
2084,0.0
2083,0.0
2325,0.0
2326,0.0
2080,0.0
2327,0.0
2132,0.0
2133,0.0
2288,0.0
2183,0.0
2191,0.0
2190,0.0
2189,0.0
2188,0.0
2187,0.0
2185,0.0
2184,0.0
2247,0.0
2182,0.0
2193,0.0
2181,0.0
2180,0.0
2179,0.0
2178,0.0
2177,0.0
2248,0.0
2176,0.0
2175,0.0
2192,0.0
2194,0.0
2249,0.0
2236,0.0
2216,0.0
2218,0.0
2215,0.0
2219,0.0
2212,0.0
2210,0.0
2232,0.0
2233,0.0
2237,0.0
2195,0.0
2238,0.0
2207,0.0
2205,0.0
2242,0.0
2243,0.0
2198,0.0
2246,0.0
2196,0.0
2174,0.0
2173,0.0
2134,0.0
2273,0.0
2152,0.0
2267,0.0
2268,0.0
2269,0.0
2149,0.0
2148,0.0
2272,0.0
2145,0.0
2276,0.0
2266,0.0
2280,0.0
2281,0.0
2282,0.0
2137,0.0
2136,0.0
2283,0.0
2284,0.0
2285,0.0
2153,0.0
2263,0.0
2171,0.0
2252,0.0
2250,0.0
2168,0.0
2167,0.0
2166,0.0
2165,0.0
2164,0.0
2163,0.0
2251,0.0
2253,0.0
2260,0.0
1677,0.0
2160,0.0
2254,0.0
2255,0.0
2256,0.0
2257,0.0
2258,0.0
2156,0.0
2060,0.0
2365,0.0
2495,0.0
2366,0.0
1956,0.0
2463,0.0
1954,0.0
1953,0.0
1952,0.0
2464,0.0
1951,0.0
2465,0.0
1950,0.0
1949,0.0
2466,0.0
2467,0.0
2468,0.0
2469,0.0
2470,0.0
2473,0.0
2474,0.0
2475,0.0
1948,0.0
1957,0.0
1958,0.0
2462,0.0
2456,0.0
2448,0.0
1972,0.0
2449,0.0
2450,0.0
1970,0.0
2451,0.0
2454,0.0
2455,0.0
2457,0.0
1959,0.0
1966,0.0
1965,0.0
2459,0.0
1964,0.0
2461,0.0
1962,0.0
1961,0.0
1960,0.0
2476,0.0
1946,0.0
1945,0.0
2489,0.0
2487,0.0
1923,0.0
1922,0.0
1921,0.0
1920,0.0
1919,0.0
2488,0.0
1918,0.0
1917,0.0
1924,0.0
1916,0.0
1915,0.0
1914,0.0
1913,0.0
1912,0.0
2490,0.0
2491,0.0
2492,0.0
2486,0.0
1925,0.0
1944,0.0
1936,0.0
1943,0.0
1942,0.0
2477,0.0
1941,0.0
1940,0.0
1939,0.0
2478,0.0
1937,0.0
1935,0.0
1926,0.0
2479,0.0
1934,0.0
1931,0.0
1930,0.0
1929,0.0
2482,0.0
2483,0.0
1927,0.0
1973,0.0
2444,0.0
2443,0.0
2036,0.0
2398,0.0
2400,0.0
2401,0.0
2402,0.0
2039,0.0
2403,0.0
2037,0.0
2406,0.0
2407,0.0
2395,0.0
2034,0.0
2033,0.0
2032,0.0
2031,0.0
2408,0.0
2029,0.0
2028,0.0
2409,0.0
2396,0.0
2042,0.0
2024,0.0
2379,0.0
2368,0.0
2369,0.0
2056,0.0
2370,0.0
2372,0.0
2375,0.0
2378,0.0
2053,0.0
2381,0.0
2393,0.0
2052,0.0
2051,0.0
2389,0.0
2047,0.0
2391,0.0
2392,0.0
2046,0.0
2045,0.0
2025,0.0
2023,0.0
1974,0.0
2438,0.0
1992,0.0
1991,0.0
1990,0.0
1989,0.0
1988,0.0
1987,0.0
1986,0.0
1985,0.0
1984,0.0
2437,0.0
2439,0.0
1982,0.0
1981,0.0
1980,0.0
1978,0.0
1977,0.0
2442,0.0
1975,0.0
1993,0.0
1996,0.0
2415,0.0
2012,0.0
2420,0.0
2421,0.0
2021,0.0
2422,0.0
2018,0.0
2423,0.0
2425,0.0
2013,0.0
2428,0.0
2436,0.0
2429,0.0
2432,0.0
2433,0.0
2434,0.0
2003,0.0
2002,0.0
2001,0.0
1999,0.0
1968,0.0
1326,0.0
1676,0.0
532,0.0
573,0.0
572,0.0
570,0.0
567,0.0
565,0.0
563,0.0
560,0.0
559,0.0
557,0.0
556,0.0
554,0.0
553,0.0
552,0.0
551,0.0
549,0.0
548,0.0
547,0.0
546,0.0
545,0.0
543,0.0
542,0.0
541,0.0
538,0.0
537,0.0
536,0.0
535,0.0
534,0.0
574,0.0
575,0.0
576,0.0
605,0.0
623,0.0
620,0.0
615,0.0
614,0.0
613,0.0
612,0.0
611,0.0
610,0.0
609,0.0
608,0.0
607,0.0
606,0.0
604,0.0
577,0.0
603,0.0
602,0.0
601,0.0
595,0.0
593,0.0
591,0.0
589,0.0
586,0.0
583,0.0
580,0.0
579,0.0
578,0.0
533,0.0
530,0.0
628,0.0
529,0.0
474,0.0
473,0.0
472,0.0
471,0.0
470,0.0
468,0.0
466,0.0
465,0.0
461,0.0
460,0.0
457,0.0
455,0.0
453,0.0
452,0.0
451,0.0
450,0.0
449,0.0
448,0.0
446,0.0
443,0.0
442,0.0
441,0.0
440,0.0
438,0.0
437,0.0
436,0.0
435,0.0
475,0.0
476,0.0
478,0.0
499,0.0
528,0.0
527,0.0
526,0.0
524,0.0
522,0.0
521,0.0
520,0.0
519,0.0
511,0.0
507,0.0
505,0.0
500,0.0
497,0.0
479,0.0
496,0.0
495,0.0
494,0.0
493,0.0
492,0.0
487,0.0
485,0.0
484,0.0
483,0.0
482,0.0
481,0.0
480,0.0
624,0.0
629,0.0
430,0.0
736,0.0
789,0.0
788,0.0
787,0.0
786,0.0
785,0.0
784,0.0
782,0.0
781,0.0
779,0.0
778,0.0
777,0.0
770,0.0
769,0.0
768,0.0
766,0.0
765,0.0
763,0.0
760,0.0
758,0.0
752,0.0
750,0.0
749,0.0
747,0.0
745,0.0
743,0.0
739,0.0
738,0.0
790,0.0
791,0.0
792,0.0
810,0.0
828,0.0
827,0.0
826,0.0
825,0.0
824,0.0
823,0.0
819,0.0
816,0.0
815,0.0
814,0.0
812,0.0
811,0.0
809,0.0
793,0.0
808,0.0
806,0.0
805,0.0
803,0.0
802,0.0
800,0.0
799,0.0
798,0.0
797,0.0
796,0.0
795,0.0
794,0.0
737,0.0
735,0.0
630,0.0
732,0.0
664,0.0
663,0.0
662,0.0
661,0.0
660,0.0
659,0.0
657,0.0
656,0.0
655,0.0
654,0.0
652,0.0
651,0.0
649,0.0
648,0.0
647,0.0
646,0.0
643,0.0
642,0.0
641,0.0
640,0.0
639,0.0
638,0.0
637,0.0
636,0.0
635,0.0
632,0.0
631,0.0
665,0.0
667,0.0
668,0.0
712,0.0
731,0.0
730,0.0
729,0.0
728,0.0
725,0.0
722,0.0
720,0.0
717,0.0
716,0.0
715,0.0
714,0.0
713,0.0
710,0.0
672,0.0
709,0.0
703,0.0
699,0.0
697,0.0
695,0.0
693,0.0
690,0.0
689,0.0
680,0.0
679,0.0
678,0.0
675,0.0
432,0.0
425,0.0
830,0.0
106,0.0
152,0.0
150,0.0
149,0.0
148,0.0
144,0.0
143,0.0
142,0.0
141,0.0
138,0.0
137,0.0
134,0.0
133,0.0
129,0.0
128,0.0
127,0.0
126,0.0
125,0.0
124,0.0
123,0.0
122,0.0
115,0.0
114,0.0
113,0.0
111,0.0
110,0.0
109,0.0
108,0.0
153,0.0
154,0.0
155,0.0
181,0.0
212,0.0
209,0.0
207,0.0
206,0.0
198,0.0
195,0.0
194,0.0
193,0.0
187,0.0
186,0.0
185,0.0
183,0.0
180,0.0
156,0.0
179,0.0
173,0.0
170,0.0
168,0.0
167,0.0
166,0.0
165,0.0
161,0.0
160,0.0
159,0.0
158,0.0
157,0.0
107,0.0
105,0.0
215,0.0
103,0.0
45,0.0
44,0.0
43,0.0
42,0.0
41,0.0
40,0.0
39,0.0
37,0.0
36,0.0
34,0.0
33,0.0
29,0.0
28,0.0
27,0.0
26,0.0
23,0.0
22,0.0
21,0.0
19,0.0
17,0.0
15,0.0
13,0.0
11,0.0
9,0.0
8,0.0
7,0.0
2,0.0
46,0.0
49,0.0
51,0.0
87,0.0
102,0.0
101,0.0
100,0.0
99,0.0
98,0.0
95,0.0
94,0.0
92,0.0
91,0.0
90,0.0
89,0.0
88,0.0
86,0.0
52,0.0
85,0.0
81,0.0
80,0.0
79,0.0
78,0.0
75,0.0
62,0.0
60,0.0
59,0.0
58,0.0
57,0.0
54,0.0
214,0.0
217,0.0
424,0.0
315,0.0
356,0.0
353,0.0
351,0.0
350,0.0
349,0.0
348,0.0
347,0.0
346,0.0
345,0.0
344,0.0
343,0.0
342,0.0
341,0.0
340,0.0
339,0.0
338,0.0
337,0.0
336,0.0
335,0.0
332,0.0
331,0.0
330,0.0
329,0.0
328,0.0
327,0.0
323,0.0
317,0.0
357,0.0
358,0.0
361,0.0
394,0.0
423,0.0
419,0.0
418,0.0
417,0.0
414,0.0
413,0.0
412,0.0
408,0.0
407,0.0
405,0.0
403,0.0
401,0.0
393,0.0
362,0.0
386,0.0
384,0.0
382,0.0
379,0.0
374,0.0
371,0.0
370,0.0
368,0.0
366,0.0
365,0.0
364,0.0
363,0.0
316,0.0
313,0.0
220,0.0
312,0.0
256,0.0
253,0.0
251,0.0
250,0.0
249,0.0
248,0.0
247,0.0
246,0.0
245,0.0
244,0.0
243,0.0
242,0.0
240,0.0
239,0.0
238,0.0
237,0.0
236,0.0
235,0.0
233,0.0
232,0.0
231,0.0
230,0.0
229,0.0
226,0.0
223,0.0
222,0.0
221,0.0
257,0.0
260,0.0
261,0.0
294,0.0
311,0.0
310,0.0
309,0.0
308,0.0
306,0.0
305,0.0
304,0.0
303,0.0
302,0.0
299,0.0
298,0.0
295,0.0
289,0.0
262,0.0
288,0.0
287,0.0
286,0.0
285,0.0
280,0.0
279,0.0
274,0.0
273,0.0
271,0.0
268,0.0
267,0.0
266,0.0
829,0.0
831,0.0
1674,0.0
1390,0.0
1433,0.0
1432,0.0
1431,0.0
1426,0.0
1425,0.0
1424,0.0
1423,0.0
1421,0.0
1420,0.0
1419,0.0
1418,0.0
1414,0.0
1413,0.0
1411,0.0
1407,0.0
1405,0.0
1403,0.0
1402,0.0
1401,0.0
1400,0.0
1398,0.0
1397,0.0
1396,0.0
1395,0.0
1394,0.0
1393,0.0
1392,0.0
1434,0.0
1435,0.0
1436,0.0
1455,0.0
1474,0.0
1470,0.0
1468,0.0
1466,0.0
1465,0.0
1464,0.0
1462,0.0
1460,0.0
1459,0.0
1458,0.0
1457,0.0
1456,0.0
1454,0.0
1438,0.0
1453,0.0
1452,0.0
1451,0.0
1450,0.0
1449,0.0
1447,0.0
1446,0.0
1445,0.0
1444,0.0
1441,0.0
1440,0.0
1439,0.0
1391,0.0
1389,0.0
1478,0.0
1387,0.0
1343,0.0
1342,0.0
1340,0.0
1339,0.0
1338,0.0
1337,0.0
1336,0.0
1335,0.0
1334,0.0
1333,0.0
1332,0.0
1331,0.0
1330,0.0
1329,0.0
1328,0.0
1327,0.0
1325,0.0
1324,0.0
1322,0.0
1321,0.0
1314,0.0
1313,0.0
1312,0.0
1311,0.0
1309,0.0
1307,0.0
1300,0.0
1345,0.0
1346,0.0
1347,0.0
1366,0.0
1386,0.0
1383,0.0
1382,0.0
1381,0.0
1380,0.0
1377,0.0
1376,0.0
1374,0.0
1372,0.0
1369,0.0
1368,0.0
1367,0.0
1364,0.0
1349,0.0
1362,0.0
1361,0.0
1360,0.0
1359,0.0
1358,0.0
1357,0.0
1356,0.0
1355,0.0
1353,0.0
1352,0.0
1351,0.0
1350,0.0
1477,0.0
1479,0.0
1297,0.0
1564,0.0
1614,0.0
1613,0.0
1608,0.0
1607,0.0
1606,0.0
1605,0.0
1604,0.0
1603,0.0
1602,0.0
1598,0.0
1597,0.0
1595,0.0
1594,0.0
1591,0.0
1590,0.0
1589,0.0
1588,0.0
1587,0.0
1584,0.0
1582,0.0
1580,0.0
1578,0.0
1576,0.0
1575,0.0
1574,0.0
1568,0.0
1567,0.0
1616,0.0
1617,0.0
1618,0.0
1650,0.0
1671,0.0
1668,0.0
1667,0.0
1666,0.0
1663,0.0
1662,0.0
1661,0.0
1660,0.0
1658,0.0
1657,0.0
1654,0.0
1651,0.0
1649,0.0
1619,0.0
1646,0.0
1644,0.0
1640,0.0
1637,0.0
1632,0.0
1630,0.0
1629,0.0
1628,0.0
1624,0.0
1623,0.0
1622,0.0
1621,0.0
1566,0.0
1563,0.0
1481,0.0
1562,0.0
1520,0.0
1519,0.0
1518,0.0
1517,0.0
1516,0.0
1515,0.0
1513,0.0
1512,0.0
1511,0.0
1508,0.0
1506,0.0
1503,0.0
1502,0.0
1499,0.0
1497,0.0
1496,0.0
1495,0.0
1492,0.0
1491,0.0
1490,0.0
1488,0.0
1487,0.0
1486,0.0
1485,0.0
1484,0.0
1483,0.0
1482,0.0
1521,0.0
1522,0.0
1523,0.0
1545,0.0
1561,0.0
1559,0.0
1558,0.0
1556,0.0
1555,0.0
1554,0.0
1552,0.0
1550,0.0
1549,0.0
1548,0.0
1547,0.0
1546,0.0
1544,0.0
1525,0.0
1542,0.0
1539,0.0
1538,0.0
1535,0.0
1534,0.0
1533,0.0
1532,0.0
1531,0.0
1530,0.0
1529,0.0
1527,0.0
1526,0.0
1298,0.0
1296,0.0
832,0.0
961,0.0
1019,0.0
1016,0.0
1014,0.0
1012,0.0
1011,0.0
1009,0.0
1008,0.0
1007,0.0
1002,0.0
1001,0.0
998,0.0
994,0.0
993,0.0
992,0.0
991,0.0
990,0.0
988,0.0
987,0.0
985,0.0
977,0.0
976,0.0
971,0.0
969,0.0
968,0.0
966,0.0
965,0.0
963,0.0
1030,0.0
1031,0.0
1032,0.0
1064,0.0
1091,0.0
1090,0.0
1086,0.0
1085,0.0
1083,0.0
1081,0.0
1080,0.0
1078,0.0
1074,0.0
1073,0.0
1072,0.0
1067,0.0
1063,0.0
1033,0.0
1062,0.0
1055,0.0
1053,0.0
1048,0.0
1046,0.0
1045,0.0
1044,0.0
1043,0.0
1041,0.0
1040,0.0
1037,0.0
1035,0.0
962,0.0
959,0.0
1093,0.0
958,0.0
885,0.0
882,0.0
880,0.0
879,0.0
877,0.0
874,0.0
873,0.0
872,0.0
869,0.0
868,0.0
867,0.0
866,0.0
862,0.0
861,0.0
860,0.0
859,0.0
857,0.0
856,0.0
853,0.0
850,0.0
849,0.0
846,0.0
844,0.0
842,0.0
840,0.0
838,0.0
837,0.0
888,0.0
890,0.0
898,0.0
934,0.0
957,0.0
953,0.0
952,0.0
948,0.0
947,0.0
946,0.0
945,0.0
944,0.0
942,0.0
941,0.0
937,0.0
936,0.0
932,0.0
900,0.0
931,0.0
929,0.0
928,0.0
926,0.0
924,0.0
917,0.0
911,0.0
910,0.0
909,0.0
908,0.0
907,0.0
905,0.0
1092,0.0
1095,0.0
1295,0.0
1186,0.0
1234,0.0
1233,0.0
1232,0.0
1229,0.0
1228,0.0
1227,0.0
1225,0.0
1224,0.0
1223,0.0
1222,0.0
1221,0.0
1220,0.0
1218,0.0
1217,0.0
1215,0.0
1213,0.0
1210,0.0
1207,0.0
1206,0.0
1203,0.0
1199,0.0
1194,0.0
1193,0.0
1192,0.0
1191,0.0
1190,0.0
1189,0.0
1235,0.0
1237,0.0
1242,0.0
1274,0.0
1294,0.0
1290,0.0
1289,0.0
1288,0.0
1287,0.0
1284,0.0
1283,0.0
1282,0.0
1281,0.0
1280,0.0
1278,0.0
1277,0.0
1271,0.0
1243,0.0
1270,0.0
1269,0.0
1267,0.0
1266,0.0
1265,0.0
1263,0.0
1262,0.0
1261,0.0
1260,0.0
1259,0.0
1258,0.0
1257,0.0
1188,0.0
1185,0.0
1098,0.0
1184,0.0
1138,0.0
1137,0.0
1136,0.0
1135,0.0
1134,0.0
1133,0.0
1132,0.0
1131,0.0
1128,0.0
1126,0.0
1125,0.0
1120,0.0
1119,0.0
1118,0.0
1117,0.0
1116,0.0
1115,0.0
1114,0.0
1113,0.0
1112,0.0
1111,0.0
1110,0.0
1109,0.0
1107,0.0
1106,0.0
1103,0.0
1101,0.0
1140,0.0
1141,0.0
1143,0.0
1168,0.0
1183,0.0
1181,0.0
1179,0.0
1178,0.0
1177,0.0
1176,0.0
1175,0.0
1174,0.0
1173,0.0
1171,0.0
1170,0.0
1169,0.0
1167,0.0
1144,0.0
1165,0.0
1161,0.0
1160,0.0
1159,0.0
1157,0.0
1156,0.0
1155,0.0
1153,0.0
1150,0.0
1148,0.0
1146,0.0
1145,0.0
2651,0.0
